[
    {
        "id": 11,
        "name": "Mini Onion Vada With Vengaya Sambar Recipe - Pan Fried Fritters in Tangy Lentil Curry",
        "sourceImage": ""
    },
    {
        "id": 14,
        "name": "Carrots & Sweet Potato Stuffed Paratha Recipe",
        "sourceImage": ""
    },
    {
        "id": 30,
        "name": "Vegetable Rava Upma Recipe  - Sooji Upma Recipe",
        "sourceImage": "3842.rava-pongal.jpg"
    },
    {
        "id": 33,
        "name": "Rajma and Horse Gram Stuffed Paratha Recipe",
        "sourceImage": ""
    },
    {
        "id": 61,
        "name": "Kerala Kadala Curry Recipe - Spicy Chickpeas in Coconut Curry",
        "sourceImage": ""
    },
    {
        "id": 63,
        "name": "Nutty Aloo Paratha Recipe",
        "sourceImage": "2823.aloo-channa-in-mint-coriander-gravy.jpg"
    },
    {
        "id": 70,
        "name": "Sali Par Eedu Recipe - Parsi Breakfast Eggs On Fried Potato",
        "sourceImage": ""
    },
    {
        "id": 72,
        "name": "Spring Onion Dosa Recipe",
        "sourceImage": "1873.Homemade-Ghee-Paper-Roast-Dosa-Recipe--2.jpg"
    },
    {
        "id": 81,
        "name": "Tofu Bhurji Recipe - Spicy Scrambled Tofu ",
        "sourceImage": ""
    },
    {
        "id": 83,
        "name": "Radhaballabhi Recipe (Bengali Stuffed Poori With Spiced Urad Dal)",
        "sourceImage": ""
    },
    {
        "id": 95,
        "name": "Broccoli and Paneer Paratha Recipe",
        "sourceImage": "1065.paneer-malai-makhani-recipe1.jpg"
    },
    {
        "id": 100,
        "name": "Paneer Stuffed Ragi Paratha Recipe - High Protein Breakfast",
        "sourceImage": ""
    },
    {
        "id": 102,
        "name": "Cheesy Mushroom Masala Dosa Recipe",
        "sourceImage": ""
    },
    {
        "id": 108,
        "name": "Karnataka Style Sabsige Soppu Akki Rotti (Dill leaves and flattened Rice Bread Recipe)",
        "sourceImage": ""
    },
    {
        "id": 114,
        "name": "Grated Beetroot Chilli Paratha Recipe",
        "sourceImage": ""
    },
    {
        "id": 115,
        "name": "Doli Ki Roti Recipe | Classic Sourdough Bread Recipe from Multan",
        "sourceImage": ""
    },
    {
        "id": 122,
        "name": "Sweet Potato Thepla/Paratha Recipe",
        "sourceImage": "3400.amla-achaar-recipe-hot-sweet-indian-gooseberry-pickle.jpg"
    },
    {
        "id": 128,
        "name": "Sattu Ka Paratha Recipe (Stuffed Channa Dal Flour Paratha)",
        "sourceImage": ""
    },
    {
        "id": 130,
        "name": "Maheri Recipe",
        "sourceImage": ""
    },
    {
        "id": 132,
        "name": "Aloo Raswala Sabzi Recipe",
        "sourceImage": "2823.aloo-channa-in-mint-coriander-gravy.jpg"
    },
    {
        "id": 140,
        "name": "Lauki and Whole Green Moong Dal Cheela Recipe",
        "sourceImage": ""
    },
    {
        "id": 142,
        "name": "Stuffed Mooli Paratha Recipe With Radish Greens",
        "sourceImage": ""
    },
    {
        "id": 144,
        "name": "Spinach Thalipeeth Recipe",
        "sourceImage": "136.palak-or-spinach-chicken-or-murg-saagwala_2_1600.jpg"
    },
    {
        "id": 1,
        "name": "Thayir Semiya Recipe (Curd Semiya)",
        "sourceImage": "4024.traditional-anarsa-recipe-with-curd-apoopa.jpg"
    },
    {
        "id": 2,
        "name": "Chettinad Style Kara Kuzhambu Recipe with Potato and Brinjal",
        "sourceImage": ""
    },
    {
        "id": 3,
        "name": "Goan Chana Ros Recipe (White Peas Curry)",
        "sourceImage": ""
    },
    {
        "id": 4,
        "name": "Minced Meat And Egg Croquettes Recipe",
        "sourceImage": ""
    },
    {
        "id": 6,
        "name": "Spicy Cabbage Rice Recipe (South Indian Style Mutta Kose Sadham Recipe)",
        "sourceImage": "2423.Paruppu-Podi-Spicy-South-Indian-Lentil-Powder.jpg"
    },
    {
        "id": 9,
        "name": "Malvani Fish Curry Recipe - Delicious And Spicy Fish Curry",
        "sourceImage": "2063.pabda-fish-curry-in-pomogranate-juice.jpg"
    },
    {
        "id": 12,
        "name": "Delicious Dal Makhani Recipe Without Onion and Garlic (Jain)",
        "sourceImage": "3324.Jain-Style-Paneer-Makhani-Without-Onion-and-Garlic.jpg"
    },
    {
        "id": 13,
        "name": "Vadyancho Ross Recipe (Ash Gourd Chips Curry)",
        "sourceImage": ""
    },
    {
        "id": 15,
        "name": "Mint Vegetables Moilee Recipe (Mixed Vegetables Cooked In Minty Coconut Milk)",
        "sourceImage": ""
    },
    {
        "id": 16,
        "name": "No Onion No Garlic Aloo Makhana Sabzi Recipe",
        "sourceImage": "2522.oil-free-gujarati-undhiyu-recipe-no-onion-no-garlic.jpg"
    },
    {
        "id": 18,
        "name": "Sindhi Style Wadi Aloo Ki Sabzi Recipe - Spicy Wadi And Potato Curry",
        "sourceImage": "361.spicy-aloo-naan-recipe-new.jpg"
    },
    {
        "id": 20,
        "name": "Hyderabadi Bagara Baingan Recipe - Brinjal In Spicy Peanut Curry",
        "sourceImage": ""
    },
    {
        "id": 21,
        "name": "Andhra Style Vegetarian Biryani with Soya Chunks Recipe ",
        "sourceImage": ""
    },
    {
        "id": 22,
        "name": "Doddapatre Soppina Chitranna Recipe (Spiced Indian Thyme Rice)",
        "sourceImage": ""
    },
    {
        "id": 25,
        "name": "Phalguni Dal Recipe - Bengali Style Red Lentils With Fresh Green Peas",
        "sourceImage": ""
    },
    {
        "id": 28,
        "name": "Kongunadu Style Vetrilai Sadam Recipe - Betel Leaves Rice",
        "sourceImage": ""
    },
    {
        "id": 31,
        "name": "Peanut Curry Recipe",
        "sourceImage": "2063.pabda-fish-curry-in-pomogranate-juice.jpg"
    },
    {
        "id": 32,
        "name": "Raw Papaya Red Bell Peppers Stuffed Paratha",
        "sourceImage": ""
    },
    {
        "id": 35,
        "name": "Kodava Mudi Chekke Barthad Recipe - Raw Jackfruit & Black Chickpea Stir Fry",
        "sourceImage": ""
    },
    {
        "id": 36,
        "name": "Udupi Style Ash Gourd Coconut Curry Recipe ",
        "sourceImage": ""
    },
    {
        "id": 38,
        "name": "Konkani Style Kotte Saaru/Halasina Bijada Saru Recipe-Jackfruit Seed Rasam",
        "sourceImage": ""
    },
    {
        "id": 39,
        "name": "Kerala Style Taroo Root Curry Recipe (Colacasia)",
        "sourceImage": ""
    },
    {
        "id": 40,
        "name": "तुरई चना सब्ज़ी - Ridge Gourd With Black Gram Dal (Recipe In Hindi)",
        "sourceImage": "2058.chicken-in-a-foil-recipe.JPG"
    },
    {
        "id": 41,
        "name": "Kerala Cherupayar Curry Recipe (Green Moong and Yellow Moong Dal Recipe)",
        "sourceImage": ""
    },
    {
        "id": 42,
        "name": "Buckwheat Vegetable Khichdi Recipe",
        "sourceImage": "3168.South-Indian-Beetroot-Poriyal-Vegetable-with-Coconut-4952-2.jpg"
    },
    {
        "id": 44,
        "name": "Andhra Style Tomato Cauliflower Koora Recipe",
        "sourceImage": ""
    },
    {
        "id": 46,
        "name": "Roasted Eggplant And Chickpea Curry Flavored With Curry Leaves And Mustard Seeds",
        "sourceImage": ""
    },
    {
        "id": 47,
        "name": "Aloo Bhindi Recipe Flavored With Mustard And Poppy Seeds",
        "sourceImage": ""
    },
    {
        "id": 48,
        "name": "Gutti Vankaya Recipe - Andhra Style Stuffed Brinjal",
        "sourceImage": ""
    },
    {
        "id": 50,
        "name": "Chana Dal Pulao Recipe",
        "sourceImage": ""
    },
    {
        "id": 51,
        "name": "Patta Gobi Sabzi Recipe - Cabbage Tomato Sabzi",
        "sourceImage": ""
    },
    {
        "id": 52,
        "name": "Poosanikai Rasavangi Recipe - Ash Gourd Curry With Dal",
        "sourceImage": ""
    },
    {
        "id": 53,
        "name": "Raw Mango Puliyogare Gojju Recipe With Peanuts",
        "sourceImage": ""
    },
    {
        "id": 54,
        "name": "Nadan Tomato Curry Recipe (Kerala Style Tomato Curry)",
        "sourceImage": ""
    },
    {
        "id": 55,
        "name": "Raw Mango Puliyogare Gojju Recipe With Peanuts",
        "sourceImage": ""
    },
    {
        "id": 56,
        "name": "Nadan Tomato Curry Recipe (Kerala Style Tomato Curry)",
        "sourceImage": ""
    },
    {
        "id": 57,
        "name": "Ridge Gourd Tambli Recipe - Spicy Ridge Gourd in Coconut Curry",
        "sourceImage": ""
    },
    {
        "id": 58,
        "name": "Kela Matar ki Sabzi Recipe - Raw Banana Green Peas Stir Fry",
        "sourceImage": ""
    },
    {
        "id": 59,
        "name": "Nepalese Style Dhal Bhat Recipe ",
        "sourceImage": ""
    },
    {
        "id": 60,
        "name": "Broccoli Egg Bhurji Recipe",
        "sourceImage": ""
    },
    {
        "id": 62,
        "name": "Paya Curry Recipe | Lamb Trotters",
        "sourceImage": ""
    },
    {
        "id": 63,
        "name": "Mangalore Cucumber Chana Dal Subzi Recipe ",
        "sourceImage": ""
    },
    {
        "id": 65,
        "name": "Karwar Style Valval Recipe (Mixed Vegetables In Coconut Milk)",
        "sourceImage": ""
    },
    {
        "id": 66,
        "name": "Senai Kizhangu Poriyal Recipe-Yam Poriyal Recipe",
        "sourceImage": ""
    },
    {
        "id": 67,
        "name": "Uttarkhand Style Mixed Bhaddu Dal Recipe",
        "sourceImage": ""
    },
    {
        "id": 69,
        "name": "Murg Badami Recipe - Chicken In Almond Gravy",
        "sourceImage": "136.palak-or-spinach-chicken-or-murg-saagwala_2_1600.jpg"
    },
    {
        "id": 71,
        "name": "Amrood Ni Kari Recipe (Parsi Style Dry Guava Curry Recipe)",
        "sourceImage": ""
    },
    {
        "id": 74,
        "name": "Aratikaya Tomato Koora Recipe - Andhra Style Plantains With Tomato",
        "sourceImage": ""
    },
    {
        "id": 76,
        "name": "Tok Dal Recipe (Bengali Style Masoor Dal)",
        "sourceImage": ""
    },
    {
        "id": 77,
        "name": "Fish Tikka Masala Gravy Recipe",
        "sourceImage": ""
    },
    {
        "id": 79,
        "name": "Vegan Curried Rice with Chickpeas Recipe",
        "sourceImage": ""
    },
    {
        "id": 80,
        "name": "Kerala Style Brinjal Curry Recipe | Spicy Eggplant Curry in Coconut Milk",
        "sourceImage": ""
    },
    {
        "id": 81,
        "name": "Kerala Style Kappa Ishtoo Recipe -Tapioca Stew Recipe",
        "sourceImage": ""
    },
    {
        "id": 82,
        "name": "Moolangi Tovve Recipe - Radish Curry",
        "sourceImage": ""
    },
    {
        "id": 83,
        "name": "Mulakootal Recipe (Vegetables In Coconut Gravy)",
        "sourceImage": ""
    },
    {
        "id": 85,
        "name": "Peshawari Kala Chana Recipe",
        "sourceImage": ""
    },
    {
        "id": 88,
        "name": "Andhra Style Tomato Cauliflower Koora Recipe",
        "sourceImage": ""
    },
    {
        "id": 90,
        "name": "Andhra Style Sorakaya Kura Recipe - Bottle Gourd And Toor Dal Recipe",
        "sourceImage": ""
    },
    {
        "id": 91,
        "name": "Thatta Payaru Sambar Recipe - Black Eyed Beans Sambar",
        "sourceImage": ""
    },
    {
        "id": 93,
        "name": "Cauliflower And Soya Chunks Sabzi Recipe",
        "sourceImage": ""
    },
    {
        "id": 94,
        "name": "Broccoli Paratha Recipe",
        "sourceImage": ""
    },
    {
        "id": 96,
        "name": "High Protein Broccoli and Dill Stuffed Paratha Recipe",
        "sourceImage": ""
    },
    {
        "id": 98,
        "name": "Mangalorean Kadle Manoli Recipe  - Tindora Kala Chana Sabzi",
        "sourceImage": ""
    },
    {
        "id": 99,
        "name": "Panasa Pottu Pappu Koora Recipe - Jackfruit & Dal Curry",
        "sourceImage": ""
    },
    {
        "id": 101,
        "name": "Saagwala Chicken  Recipe - Palak Chicken Curry ",
        "sourceImage": "136.palak-or-spinach-chicken-or-murg-saagwala_2_1600.jpg"
    },
    {
        "id": 104,
        "name": "Kodava Kummu Curry Recipe- Coorg Style Mushroom Curry ",
        "sourceImage": ""
    },
    {
        "id": 105,
        "name": "Kerala Style Konju Curry With Thengakothu Recipe (Kerala Style Prawn Curry)",
        "sourceImage": ""
    },
    {
        "id": 106,
        "name": "Cabbage Poricha Kootu Recipe (Red Cabbage) - South Indian Cabbage Dal",
        "sourceImage": "2478.khara-bhath-recipe-south-indian-rava-bhath.jpg"
    },
    {
        "id": 109,
        "name": "Jowar Bajra Garlic Roti Recipe",
        "sourceImage": ""
    },
    {
        "id": 111,
        "name": "Burnt Garlic Veg Fried Rice Recipe",
        "sourceImage": ""
    },
    {
        "id": 112,
        "name": "Karwar NKGSB Style Bharli Vangi Recipe - Brinjal Curry",
        "sourceImage": ""
    },
    {
        "id": 116,
        "name": "Bengaluru Style Brinjal Gravy Recipe - For Biryani",
        "sourceImage": ""
    },
    {
        "id": 117,
        "name": "Halli Style Mutton Saaru Recipe - South Indian Mutton Curry",
        "sourceImage": "2423.Paruppu-Podi-Spicy-South-Indian-Lentil-Powder.jpg"
    },
    {
        "id": 120,
        "name": "Maa Ki Dal Recipe - Punjabi Style Black Urad Dal Recipe",
        "sourceImage": ""
    },
    {
        "id": 121,
        "name": "Maavina Hannina Gojju (Karnataka Style Ripe Mango Curry Recipe)",
        "sourceImage": ""
    },
    {
        "id": 123,
        "name": "Creamy Dal Makhani Recipe",
        "sourceImage": "1065.paneer-malai-makhani-recipe1.jpg"
    },
    {
        "id": 125,
        "name": "Udupi Style Sambar Recipe - Masala Huli With Mixed Vegetables",
        "sourceImage": ""
    },
    {
        "id": 127,
        "name": "Spicy Pressure Cooker Mutton Curry Recipe ",
        "sourceImage": ""
    },
    {
        "id": 129,
        "name": "Chettinad Vengaya Kosu Recipe (Spicy Curry from Chettinad Cuisine)",
        "sourceImage": ""
    },
    {
        "id": 131,
        "name": "Gujarati Batata Pulao Recipe - Sweet And Spicy Pulao With Lentils And Potatoes",
        "sourceImage": ""
    },
    {
        "id": 132,
        "name": "Dappalam Recipe- Andhra Vegetable Stew Recipe",
        "sourceImage": ""
    },
    {
        "id": 134,
        "name": "Mamsaam Chops Recipe (Lamb Chops in Black Pepper Gravy)",
        "sourceImage": ""
    },
    {
        "id": 135,
        "name": "Spiced Turnips with Spinach Recipe",
        "sourceImage": "136.palak-or-spinach-chicken-or-murg-saagwala_2_1600.jpg"
    },
    {
        "id": 136,
        "name": "Spicy Aloo Naan Recipe",
        "sourceImage": "361.spicy-aloo-naan-recipe-new.jpg"
    },
    {
        "id": 138,
        "name": "Mustard Vegetable Curry Recipe",
        "sourceImage": "2063.pabda-fish-curry-in-pomogranate-juice.jpg"
    },
    {
        "id": 178,
        "name": "Cauliflower In Coconut Milk Curry Recipe",
        "sourceImage": ""
    },
    {
        "id": 180,
        "name": "Coimbatore Style Drumstick Sambar Recipe",
        "sourceImage": ""
    },
    {
        "id": 181,
        "name": "Sautéed Aubergine With Tamarind Recipe",
        "sourceImage": "4027.pachai-sundakkai-puli-kuzhambu-recipe-turkey-berry-tamarind-based-gravy.jpg"
    },
    {
        "id": 183,
        "name": "Mooli Ka Saag & Moong Dal Ki Sabzi (Dry) - Radish Leaves & Lentil Stir fry",
        "sourceImage": "3462.radish-leaves-pachadi-recipe-1.jpg"
    },
    {
        "id": 185,
        "name": "Kongunadu Style Senai Kilangu Masala Recipe - Yam in Spicy Gravy",
        "sourceImage": "267.soft-and-spicy-masala-roti.jpg"
    },
    {
        "id": 188,
        "name": "Chenai Kizhangu Masiyal-South Indian Style Yam Masiyal",
        "sourceImage": "2423.Paruppu-Podi-Spicy-South-Indian-Lentil-Powder.jpg"
    },
    {
        "id": 190,
        "name": "Senai Kizhangu Gotsu Recipe - Spicy & Tangy Yam Curry Recipe",
        "sourceImage": ""
    },
    {
        "id": 192,
        "name": "Bharva Baingan Recipe (Stuffed Roasted Eggplant)",
        "sourceImage": ""
    },
    {
        "id": 195,
        "name": "Karnataka Style Orange Peels Curry Recipe",
        "sourceImage": ""
    },
    {
        "id": 197,
        "name": "Kongunadu Style Senai Kilangu Masala Recipe - Yam in Spicy Gravy",
        "sourceImage": "267.soft-and-spicy-masala-roti.jpg"
    },
    {
        "id": 201,
        "name": "Kala Chana Pilaf Recipe",
        "sourceImage": ""
    },
    {
        "id": 203,
        "name": "Chana Turai/Nenua Chana Sabzi Recipe (Ridge Gourd with Black Chana Recipe)",
        "sourceImage": ""
    },
    {
        "id": 204,
        "name": "Tomato pulao Recipe",
        "sourceImage": ""
    },
    {
        "id": 5,
        "name": "Thekera Tenga Recipe",
        "sourceImage": ""
    },
    {
        "id": 7,
        "name": "Mullangi Poriyal Recipe ",
        "sourceImage": "3168.South-Indian-Beetroot-Poriyal-Vegetable-with-Coconut-4952-2.jpg"
    },
    {
        "id": 17,
        "name": "Bhaat Na Rasawala Muthia Dhokla Recipe | Gujarati Rasiya Dhokla",
        "sourceImage": ""
    },
    {
        "id": 20,
        "name": "Hyderabadi Bagara Baingan Recipe - Brinjal In Spicy Peanut Curry",
        "sourceImage": ""
    },
    {
        "id": 24,
        "name": "Goan Style Mushroom Vindaloo Recipe",
        "sourceImage": ""
    },
    {
        "id": 43,
        "name": "Eggplant In Mustard Poppy Seed Yogurt Gravy Recipe-Begun Doi Sorse Posto bata Jhol",
        "sourceImage": ""
    },
    {
        "id": 50,
        "name": "Konkani Style Karate Batate Puddi Sagle Recipe - Bitter Gourd & Potato Curry",
        "sourceImage": ""
    },
    {
        "id": 64,
        "name": "Chole Capsicum Masala Recipe ",
        "sourceImage": "267.soft-and-spicy-masala-roti.jpg"
    },
    {
        "id": 73,
        "name": "Gawar Ki Sabzi Recipe - Cluster Beans Curry ",
        "sourceImage": ""
    },
    {
        "id": 75,
        "name": "Kori Gassi Recipe - Mangalorean Traditional Chicken Curry With Coconut Milk",
        "sourceImage": "2058.chicken-in-a-foil-recipe.JPG"
    },
    {
        "id": 78,
        "name": "Nadan Kozhi Recipe | Kerala Chicken Curry | Nadan Chicken Curry ",
        "sourceImage": "2058.chicken-in-a-foil-recipe.JPG"
    },
    {
        "id": 84,
        "name": "Palak Makhana Recipe (Navratri Fasting/Vrat Recipe)",
        "sourceImage": ""
    },
    {
        "id": 87,
        "name": "Tandoori Chicken Curry Recipe",
        "sourceImage": "136.palak-or-spinach-chicken-or-murg-saagwala_2_1600.jpg"
    },
    {
        "id": 89,
        "name": "Amritsari Fish Gravy Recipe",
        "sourceImage": "2063.pabda-fish-curry-in-pomogranate-juice.jpg"
    },
    {
        "id": 92,
        "name": "Karwar Style Kairichi Udid Methi Recipe (Raw Mango Methi Curry)",
        "sourceImage": ""
    },
    {
        "id": 94,
        "name": "Veg Chilli Milli Recipe",
        "sourceImage": ""
    },
    {
        "id": 95,
        "name": "Carrot Methi Pachadi Recipe",
        "sourceImage": "2741.instant-tindora-carrot-pickle-recipe.jpg"
    },
    {
        "id": 113,
        "name": "Dal Bukhara Recipe (Punjabi Style Black Urad Dal)",
        "sourceImage": ""
    },
    {
        "id": 119,
        "name": "Hirve Kaalvan Recipe (Fresh Coriander and Coconut Curry)",
        "sourceImage": "3445.Coconut-Coriander-Chutney-Recipe-5107.jpg"
    },
    {
        "id": 120,
        "name": "Rajasthani Chawle Wale Dhokle Recipe",
        "sourceImage": ""
    },
    {
        "id": 124,
        "name": "Mangalore Style Nurge Gashie Recipe-Spicy Drumstick Curry",
        "sourceImage": ""
    },
    {
        "id": 126,
        "name": "Konkan Style Vali Bhajji Ambat Recipe-Spiced Malabar Spinach Dal ",
        "sourceImage": ""
    },
    {
        "id": 127,
        "name": "Aloo Konir Dom Recipe (Assamese Egg & Potato Curry)",
        "sourceImage": ""
    },
    {
        "id": 133,
        "name": "Pudina Tawa Paratha Recipe (Mint Leaf Skillet Flat Bread)",
        "sourceImage": ""
    },
    {
        "id": 137,
        "name": "Palak Tambuli Recipe - Udupi Style Spinach Tambli",
        "sourceImage": "136.palak-or-spinach-chicken-or-murg-saagwala_2_1600.jpg"
    },
    {
        "id": 139,
        "name": "Maharashtrain Amti Recipe",
        "sourceImage": ""
    },
    {
        "id": 140,
        "name": "Paplet Hooman Recipe - Goan Pomfret Curry",
        "sourceImage": ""
    },
    {
        "id": 141,
        "name": "Masoor Dal Gassi Recipe - Lentils in Tangy Coconut Curry",
        "sourceImage": ""
    },
    {
        "id": 143,
        "name": "Traditional Whole Gobi Musallam Recipe",
        "sourceImage": ""
    },
    {
        "id": 144,
        "name": "Brahmin Style Vegetable Kurma Recipe",
        "sourceImage": "3168.South-Indian-Beetroot-Poriyal-Vegetable-with-Coconut-4952-2.jpg"
    },
    {
        "id": 146,
        "name": "Aal Ke Kofte (Bottle Gourd Fritters In Spicy Gravy) Recipe",
        "sourceImage": ""
    },
    {
        "id": 147,
        "name": "Bandhakopir Ghonto Recipe (Bengali Style Cabbage Fry)",
        "sourceImage": "635.chapor-ghonto.jpg"
    },
    {
        "id": 149,
        "name": "Kasuri Methi Paneer Sabzi Recipe",
        "sourceImage": ""
    },
    {
        "id": 152,
        "name": "Shahi Egg Curry Recipe In Tomato & Cashew Gravy ",
        "sourceImage": "56.assamese-style-walking-catfish-in-curry-leaf-gravy-recipe2.jpg"
    },
    {
        "id": 154,
        "name": "Vankaya Gasagasala Kura | Andhra Style Eggplant Poppy Seeds Curry Recipe",
        "sourceImage": ""
    },
    {
        "id": 156,
        "name": "Barnyard Millet and Ragi Khichdi Recipe",
        "sourceImage": "3002.Barnyard-Millet-Idli-Dosa-Batterarchana2.jpg"
    },
    {
        "id": 158,
        "name": "Arbi Dahi Wali Sabzi Recipe",
        "sourceImage": ""
    },
    {
        "id": 161,
        "name": "Goan Sorak Curry Recipe",
        "sourceImage": "2063.pabda-fish-curry-in-pomogranate-juice.jpg"
    },
    {
        "id": 164,
        "name": "Bengali Style Labra Recipe - Mix Vegetable Sabzi",
        "sourceImage": ""
    },
    {
        "id": 167,
        "name": "Moong Dal With Radish Greens Recipe",
        "sourceImage": ""
    },
    {
        "id": 173,
        "name": "Spicy Soya Keema Masala Recipe",
        "sourceImage": "267.soft-and-spicy-masala-roti.jpg"
    },
    {
        "id": 175,
        "name": "Savory Shrimps On Skillet Recipe",
        "sourceImage": ""
    },
    {
        "id": 177,
        "name": "Aloo Potol Posto Recipe (Aloo Parwal in Poppy Seed Masala Recipe)",
        "sourceImage": ""
    },
    {
        "id": 179,
        "name": "Sorekai Majjige Huli Recipe (Bottle Gourd In Coconut Yogurt Curry Recipe)",
        "sourceImage": ""
    },
    {
        "id": 182,
        "name": "Grated Beetroot Chilli Paratha Recipe",
        "sourceImage": ""
    },
    {
        "id": 184,
        "name": "Kashmiri Style Haak T Thool Recipe - Greens Cooked With Eggs",
        "sourceImage": ""
    },
    {
        "id": 186,
        "name": "Baked Fish Crisps Recipe (Fish Fry In Oven)",
        "sourceImage": ""
    },
    {
        "id": 187,
        "name": "Arunachal Style Kharzi Rice Recipe",
        "sourceImage": "3614.brown-rice-poha-kheer.jpg"
    },
    {
        "id": 189,
        "name": "Long Brinjal Poriyal Masala Recipe - Green Baingan Sabzi",
        "sourceImage": ""
    },
    {
        "id": 191,
        "name": "Kashmiri Style Haak T Thool Recipe - Greens Cooked With Eggs",
        "sourceImage": ""
    },
    {
        "id": 193,
        "name": "Rice With Quinoa Recipe- Pressure Cooker Method",
        "sourceImage": ""
    },
    {
        "id": 194,
        "name": "Aal Ke Kofte (Bottle Gourd Fritters In Spicy Gravy) Recipe",
        "sourceImage": ""
    },
    {
        "id": 196,
        "name": "Kashmiri Style Nadru Yakhni Recipe-Lotus Stem in Yogurt Sauce",
        "sourceImage": ""
    },
    {
        "id": 198,
        "name": "Sauteed Spicy Prawns Recipe",
        "sourceImage": "2423.Paruppu-Podi-Spicy-South-Indian-Lentil-Powder.jpg"
    },
    {
        "id": 200,
        "name": "Saag Tofu Recipe (Tofu Simmered in Spiced Mustard & Spinach Leaves)",
        "sourceImage": ""
    },
    {
        "id": 202,
        "name": "Quick Paneer Masala Recipe - 15 Minute Paneer Gravy",
        "sourceImage": ""
    },
    {
        "id": 205,
        "name": "Vankaya Ulli Karam Recipe - Eggplant In Spicy Onion Gravy",
        "sourceImage": ""
    }
]